model,instance,q,g,p,w,status,time_ms,solution
base.mzn,sgp_15_5_3_1.dzn,15,5,3,1,SAT,72,"Semaine 1: {13,14,15} {10,11,12} {7,8,9} {4,5,6} {1,2,3}"
base.mzn,sgp_15_5_3_2.dzn,15,5,3,2,SAT,102,"Semaine 1: {9,11,14} {6,10,13} {3,12,15} {2,5,8} {1,4,7} Semaine 2: {13,14,15} {10,11,12} {7,8,9} {4,5,6} {1,2,3}"
base.mzn,sgp_15_5_3_3.dzn,15,5,3,3,SAT,93,"Semaine 1: {8,12,13} {7,11,15} {3,6,14} {2,4,10} {1,5,9} Semaine 2: {9,11,14} {6,10,13} {3,12,15} {2,5,8} {1,4,7} Semaine 3: {13,14,15} {10,11,12} {7,8,9} {4,5,6} {1,2,3}"
base.mzn,sgp_15_5_3_4.dzn,15,5,3,4,SAT,95,"Semaine 1: {5,10,14} {4,9,15} {3,11,13} {2,7,12} {1,6,8} Semaine 2: {8,12,13} {7,11,15} {3,6,14} {2,4,10} {1,5,9} Semaine 3: {9,11,14} {6,10,13} {3,12,15} {2,5,8} {1,4,7} Semaine 4: {13,14,15} {10,11,12} {7,8,9} {4,5,6} {1,2,3}"
base.mzn,sgp_15_5_3_5.dzn,15,5,3,5,SAT,97,"Semaine 1: {5,7,14} {4,12,13} {3,8,11} {2,6,9} {1,10,15} Semaine 2: {5,11,13} {4,9,15} {3,10,14} {2,7,12} {1,6,8} Semaine 3: {8,12,14} {7,11,15} {3,6,13} {2,4,10} {1,5,9} Semaine 4: {9,10,13} {6,11,14} {3,12,15} {2,5,8} {1,4,7} Semaine 5: {13,14,15} {10,11,12} {7,8,9} {4,5,6} {1,2,3}"
base.mzn,sgp_15_5_3_6.dzn,15,5,3,6,UNKNOWN,147000,
base.mzn,sgp_15_5_3_7.dzn,15,5,3,7,UNKNOWN,156000,
base.mzn,sgp_24_6_4_1.dzn,24,6,4,1,SAT,118,"Semaine 1: {21,22,23,24} {17,18,19,20} {13,14,15,16} {9,10,11,12} {5,6,7,8} {1,2,3,4}"
base.mzn,sgp_24_6_4_2.dzn,24,6,4,2,SAT,155,"Semaine 1: {11,15,17,21} {4,8,19,23} {12,16,18,22} {3,7,20,24} {2,6,10,14} {1,5,9,13} Semaine 2: {21,22,23,24} {17,18,19,20} {13,14,15,16} {9,10,11,12} {5,6,7,8} {1,2,3,4}"
base.mzn,sgp_24_6_4_3.dzn,24,6,4,3,SAT,256,"Semaine 1: {10,13,20,23} {9,14,19,24} {4,7,17,22} {3,8,18,21} {2,5,12,15} {1,6,11,16} Semaine 2: {11,15,17,21} {4,8,19,23} {12,16,18,22} {3,7,20,24} {2,6,10,14} {1,5,9,13} Semaine 3: {21,22,23,24} {17,18,19,20} {13,14,15,16} {9,10,11,12} {5,6,7,8} {1,2,3,4}"
base.mzn,sgp_24_6_4_4.dzn,24,6,4,4,SAT,358,"Semaine 1: {12,14,20,21} {11,13,19,22} {4,6,18,24} {3,5,17,23} {2,8,9,16} {1,7,10,15} Semaine 2: {10,13,20,23} {9,14,19,24} {4,7,17,22} {3,8,18,21} {2,5,12,15} {1,6,11,16} Semaine 3: {4,8,19,23} {12,16,18,22} {11,15,17,21} {3,7,20,24} {2,6,10,14} {1,5,9,13} Semaine 4: {21,22,23,24} {17,18,19,20} {13,14,15,16} {9,10,11,12} {5,6,7,8} {1,2,3,4}"
base.mzn,sgp_24_6_4_5.dzn,24,6,4,5,SAT,7344,"Semaine 1: {12,13,17,24} {4,5,10,16} {3,6,9,15} {2,7,19,21} {11,14,18,23} {1,8,20,22} Semaine 2: {12,14,20,21} {11,13,19,22} {4,6,18,24} {3,5,17,23} {2,8,9,16} {1,7,10,15} Semaine 3: {10,13,20,23} {9,14,19,24} {4,7,17,22} {3,8,18,21} {2,5,12,15} {1,6,11,16} Semaine 4: {11,15,17,21} {4,8,19,23} {12,16,18,22} {3,7,20,24} {2,6,10,14} {1,5,9,13} Semaine 5: {21,22,23,24} {17,18,19,20} {13,14,15,16} {9,10,11,12} {5,6,7,8} {1,2,3,4}"
base.mzn,sgp_24_6_4_6.dzn,24,6,4,6,UNKNOWN,113000,
base.mzn,sgp_28_7_4_1.dzn,28,7,4,1,SAT,105,"Semaine 1: {25,26,27,28} {21,22,23,24} {17,18,19,20} {13,14,15,16} {9,10,11,12} {5,6,7,8} {1,2,3,4}"
base.mzn,sgp_28_7_4_2.dzn,28,7,4,2,SAT,118,"Semaine 1: {16,17,21,25} {12,18,22,26} {8,19,23,27} {4,20,24,28} {3,7,11,15} {2,6,10,14} {1,5,9,13} Semaine 2: {25,26,27,28} {21,22,23,24} {17,18,19,20} {13,14,15,16} {9,10,11,12} {5,6,7,8} {1,2,3,4}"
base.mzn,sgp_28_7_4_3.dzn,28,7,4,3,SAT,202,"Semaine 1: {13,17,22,28} {10,18,24,27} {7,20,23,25} {4,19,21,26} {3,8,9,14} {2,5,12,15} {1,6,11,16} Semaine 2: {16,17,21,25} {12,18,22,26} {8,19,23,27} {4,20,24,28} {3,7,11,15} {2,6,10,14} {1,5,9,13} Semaine 3: {25,26,27,28} {21,22,23,24} {17,18,19,20} {13,14,15,16} {9,10,11,12} {5,6,7,8} {1,2,3,4}"
base.mzn,sgp_28_7_4_4.dzn,28,7,4,4,SAT,1237,"Semaine 1: {15,20,21,27} {12,19,24,25} {4,6,9,22} {14,18,23,28} {3,5,16,26} {2,8,11,13} {1,7,10,17} Semaine 2: {13,17,22,28} {10,18,24,27} {7,20,23,25} {4,19,21,26} {3,8,9,14} {2,5,12,15} {1,6,11,16} Semaine 3: {16,17,21,25} {12,18,22,26} {8,19,23,27} {4,20,24,28} {3,7,11,15} {2,6,10,14} {1,5,9,13} Semaine 4: {25,26,27,28} {21,22,23,24} {17,18,19,20} {13,14,15,16} {9,10,11,12} {5,6,7,8} {1,2,3,4}"
base.mzn,sgp_28_7_4_5.dzn,28,7,4,5,SAT,28261,"Semaine 1: {15,17,23,26} {11,14,22,27} {10,16,19,28} {3,6,13,21} {4,5,18,25} {2,7,9,24} {1,8,12,20} Semaine 2: {12,19,24,25} {4,6,9,22} {14,18,23,28} {15,20,21,27} {3,5,16,26} {2,8,11,13} {1,7,10,17} Semaine 3: {13,17,22,28} {10,18,24,27} {7,20,23,25} {4,19,21,26} {3,8,9,14} {2,5,12,15} {1,6,11,16} Semaine 4: {16,17,21,25} {12,18,22,26} {8,19,23,27} {4,20,24,28} {3,7,11,15} {2,6,10,14} {1,5,9,13} Semaine 5: {25,26,27,28} {21,22,23,24} {17,18,19,20} {13,14,15,16} {9,10,11,12} {5,6,7,8} {1,2,3,4}"
base.mzn,sgp_28_7_4_6.dzn,28,7,4,6,UNKNOWN,158000,
base.mzn,sgp_32_8_4_1.dzn,32,8,4,1,SAT,106,"Semaine 1: {29,30,31,32} {25,26,27,28} {21,22,23,24} {17,18,19,20} {13,14,15,16} {9,10,11,12} {5,6,7,8} {1,2,3,4}"
base.mzn,sgp_32_8_4_2.dzn,32,8,4,2,SAT,89,"Semaine 1: {20,24,28,32} {19,23,27,31} {18,22,26,30} {17,21,25,29} {4,8,12,16} {3,7,11,15} {2,6,10,14} {1,5,9,13} Semaine 2: {29,30,31,32} {25,26,27,28} {21,22,23,24} {17,18,19,20} {13,14,15,16} {9,10,11,12} {5,6,7,8} {1,2,3,4}"
base.mzn,sgp_32_8_4_3.dzn,32,8,4,3,SAT,98,"Semaine 1: {20,23,26,29} {19,24,25,30} {18,21,28,31} {17,22,27,32} {4,7,10,13} {3,8,9,14} {2,5,12,15} {1,6,11,16} Semaine 2: {20,24,28,32} {19,23,27,31} {18,22,26,30} {17,21,25,29} {4,8,12,16} {3,7,11,15} {2,6,10,14} {1,5,9,13} Semaine 3: {29,30,31,32} {25,26,27,28} {21,22,23,24} {17,18,19,20} {13,14,15,16} {9,10,11,12} {5,6,7,8} {1,2,3,4}"
base.mzn,sgp_32_8_4_4.dzn,32,8,4,4,SAT,115,"Semaine 1: {20,22,25,31} {19,21,26,32} {18,24,27,29} {17,23,28,30} {4,6,9,15} {3,5,10,16} {2,8,11,13} {1,7,12,14} Semaine 2: {20,23,26,29} {19,24,25,30} {18,21,28,31} {17,22,27,32} {4,7,10,13} {3,8,9,14} {2,5,12,15} {1,6,11,16} Semaine 3: {20,24,28,32} {19,23,27,31} {18,22,26,30} {17,21,25,29} {4,8,12,16} {3,7,11,15} {2,6,10,14} {1,5,9,13} Semaine 4: {29,30,31,32} {25,26,27,28} {21,22,23,24} {17,18,19,20} {13,14,15,16} {9,10,11,12} {5,6,7,8} {1,2,3,4}"
base.mzn,sgp_32_8_4_5.dzn,32,8,4,5,SAT,128,"Semaine 1: {20,21,27,30} {19,22,28,29} {18,23,25,32} {17,24,26,31} {4,5,11,14} {3,6,12,13} {2,7,9,16} {1,8,10,15} Semaine 2: {20,22,25,31} {19,21,26,32} {18,24,27,29} {17,23,28,30} {4,6,9,15} {3,5,10,16} {2,8,11,13} {1,7,12,14} Semaine 3: {20,23,26,29} {19,24,25,30} {18,21,28,31} {17,22,27,32} {4,7,10,13} {3,8,9,14} {2,5,12,15} {1,6,11,16} Semaine 4: {20,24,28,32} {19,23,27,31} {18,22,26,30} {17,21,25,29} {4,8,12,16} {3,7,11,15} {2,6,10,14} {1,5,9,13} Semaine 5: {29,30,31,32} {25,26,27,28} {21,22,23,24} {17,18,19,20} {13,14,15,16} {9,10,11,12} {5,6,7,8} {1,2,3,4}"
base.mzn,sgp_32_8_4_6.dzn,32,8,4,6,UNKNOWN,63000,
base_symetri.mzn,sgp_15_5_3_1.dzn,15,5,3,1,SAT,88,"Semaine 1: {1,2,3} {4,5,6} {7,8,9} {10,11,12} {13,14,15}"
base_symetri.mzn,sgp_15_5_3_2.dzn,15,5,3,2,SAT,93,"Semaine 1: {1,2,3} {4,5,6} {7,8,9} {10,11,12} {13,14,15} Semaine 2: {9,11,13} {4,7,10} {3,12,14} {2,6,15} {1,5,8}"
base_symetri.mzn,sgp_15_5_3_3.dzn,15,5,3,3,SAT,92,"Semaine 1: {1,2,3} {4,5,6} {7,8,9} {10,11,12} {13,14,15} Semaine 2: {6,10,14} {4,11,15} {3,8,13} {2,7,12} {1,5,9} Semaine 3: {6,9,13} {5,8,10} {3,12,15} {2,11,14} {1,4,7}"
base_symetri.mzn,sgp_15_5_3_4.dzn,15,5,3,4,SAT,117,"Semaine 1: {1,2,3} {4,5,6} {7,8,9} {10,11,12} {13,14,15} Semaine 2: {6,10,14} {4,11,15} {3,8,13} {2,7,12} {1,5,9} Semaine 3: {6,9,13} {5,8,10} {3,12,15} {2,11,14} {1,4,7} Semaine 4: {5,11,13} {4,9,12} {3,7,14} {2,10,15} {1,6,8}"
base_symetri.mzn,sgp_15_5_3_5.dzn,15,5,3,5,SAT,95,"Semaine 1: {1,2,3} {4,5,6} {7,8,9} {10,11,12} {13,14,15} Semaine 2: {6,12,13} {5,11,15} {3,8,14} {2,7,10} {1,4,9} Semaine 3: {6,9,11} {5,12,14} {3,10,15} {2,4,8} {1,7,13} Semaine 4: {6,8,10} {5,9,13} {3,4,7} {2,12,15} {1,11,14} Semaine 5: {6,7,15} {4,10,14} {3,9,12} {2,11,13} {1,5,8}"
base_symetri.mzn,sgp_15_5_3_6.dzn,15,5,3,6,SAT,240,"Semaine 1: {1,2,3} {4,5,6} {7,8,9} {10,11,12} {13,14,15} Semaine 2: {7,10,13} {4,9,12} {3,8,11} {2,5,14} {1,6,15} Semaine 3: {6,12,13} {4,8,14} {3,9,15} {2,7,11} {1,5,10} Semaine 4: {6,9,11} {5,8,15} {3,10,14} {2,4,13} {1,7,12} Semaine 5: {6,8,10} {5,9,13} {3,4,7} {2,12,15} {1,11,14} Semaine 6: {6,7,14} {4,11,15} {3,5,12} {2,9,10} {1,8,13}"
base_symetri.mzn,sgp_15_5_3_7.dzn,15,5,3,7,UNKNOWN,219000,
base_symetri.mzn,sgp_24_6_4_1.dzn,24,6,4,1,SAT,91,"Semaine 1: {1,2,3,4} {5,6,7,8} {9,10,11,12} {13,14,15,16} {17,18,19,20} {21,22,23,24}"
base_symetri.mzn,sgp_24_6_4_2.dzn,24,6,4,2,SAT,100,"Semaine 1: {1,2,3,4} {5,6,7,8} {9,10,11,12} {13,14,15,16} {17,18,19,20} {21,22,23,24} Semaine 2: {8,12,19,23} {7,11,20,24} {4,16,18,22} {3,6,10,14} {2,15,17,21} {1,5,9,13}"
base_symetri.mzn,sgp_24_6_4_3.dzn,24,6,4,3,SAT,122,"Semaine 1: {1,2,3,4} {5,6,7,8} {9,10,11,12} {13,14,15,16} {17,18,19,20} {21,22,23,24} Semaine 2: {7,11,13,18} {6,12,19,23} {4,9,14,21} {3,8,17,22} {2,5,10,15} {1,16,20,24} Semaine 3: {7,10,14,17} {6,11,15,24} {4,8,20,23} {3,12,18,21} {2,16,19,22} {1,5,9,13}"
base_symetri.mzn,sgp_24_6_4_4.dzn,24,6,4,4,SAT,123,"Semaine 1: {1,2,3,4} {5,6,7,8} {9,10,11,12} {13,14,15,16} {17,18,19,20} {21,22,23,24} Semaine 2: {7,11,13,18} {6,12,19,23} {4,9,14,21} {3,16,20,24} {2,5,10,15} {1,8,17,22} Semaine 3: {7,10,14,17} {6,11,15,24} {4,8,20,23} {3,5,9,13} {2,16,19,22} {1,12,18,21} Semaine 4: {7,9,15,20} {5,12,14,24} {4,10,18,22} {3,8,19,21} {2,6,13,17} {1,11,16,23}"
base_symetri.mzn,sgp_24_6_4_5.dzn,24,6,4,5,SAT,314,"Semaine 1: {1,2,3,4} {5,6,7,8} {9,10,11,12} {13,14,15,16} {17,18,19,20} {21,22,23,24} Semaine 2: {8,14,18,21} {5,11,15,22} {4,12,16,20} {3,10,13,24} {2,7,17,23} {1,6,9,19} Semaine 3: {8,12,13,17} {7,15,19,24} {4,9,18,23} {3,14,20,22} {2,6,11,21} {1,5,10,16} Semaine 4: {8,11,20,24} {7,16,18,22} {4,6,10,14} {3,12,19,23} {2,5,9,13} {1,15,17,21} Semaine 5: {6,15,20,23} {5,12,18,24} {4,13,19,21} {3,9,16,17} {2,8,10,22} {1,7,11,14}"
base_symetri.mzn,sgp_24_6_4_6.dzn,24,6,4,6,UNKNOWN,156000,
base_symetri.mzn,sgp_28_7_4_1.dzn,28,7,4,1,SAT,93,"Semaine 1: {1,2,3,4} {5,6,7,8} {9,10,11,12} {13,14,15,16} {17,18,19,20} {21,22,23,24} {25,26,27,28}"
base_symetri.mzn,sgp_28_7_4_2.dzn,28,7,4,2,SAT,94,"Semaine 1: {1,2,3,4} {5,6,7,8} {9,10,11,12} {13,14,15,16} {17,18,19,20} {21,22,23,24} {25,26,27,28} Semaine 2: {16,18,21,25} {7,19,22,26} {6,10,14,17} {4,20,23,27} {3,8,11,15} {2,12,24,28} {1,5,9,13}"
base_symetri.mzn,sgp_28_7_4_3.dzn,28,7,4,3,SAT,119,"Semaine 1: {1,2,3,4} {5,6,7,8} {9,10,11,12} {13,14,15,16} {17,18,19,20} {21,22,23,24} {25,26,27,28} Semaine 2: {12,17,21,25} {9,20,24,27} {8,14,23,26} {4,18,22,28} {3,7,13,19} {2,5,10,15} {1,6,11,16} Semaine 3: {12,16,23,27} {7,11,15,18} {6,10,14,17} {4,19,21,26} {3,8,24,28} {2,20,22,25} {1,5,9,13}"
base_symetri.mzn,sgp_28_7_4_4.dzn,28,7,4,4,SAT,133,"Semaine 1: {1,2,3,4} {5,6,7,8} {9,10,11,12} {13,14,15,16} {17,18,19,20} {21,22,23,24} {25,26,27,28} Semaine 2: {12,17,21,26} {9,19,24,25} {8,14,23,28} {4,18,22,27} {3,7,13,20} {2,6,11,16} {1,5,10,15} Semaine 3: {12,16,24,28} {8,11,15,17} {7,19,22,26} {4,6,10,14} {3,18,21,25} {2,5,9,13} {1,20,23,27} Semaine 4: {12,15,22,25} {8,9,16,20} {6,18,23,26} {4,5,11,19} {3,14,24,27} {2,7,10,17} {1,13,21,28}"
base_symetri.mzn,sgp_28_7_4_5.dzn,28,7,4,5,SAT,128,"Semaine 1: {1,2,3,4} {5,6,7,8} {9,10,11,12} {13,14,15,16} {17,18,19,20} {21,22,23,24} {25,26,27,28} Semaine 2: {16,19,24,27} {11,13,21,26} {6,12,22,28} {4,5,14,20} {3,15,23,25} {2,8,9,17} {1,7,10,18} Semaine 3: {16,18,21,25} {10,20,22,27} {8,13,24,28} {4,19,23,26} {3,7,9,14} {2,5,12,15} {1,6,11,17} Semaine 4: {16,17,22,26} {12,20,24,25} {8,18,23,27} {4,7,11,15} {3,19,21,28} {2,6,10,14} {1,5,9,13} Semaine 5: {15,17,21,27} {11,20,23,28} {6,18,24,26} {4,9,22,25} {3,5,10,16} {2,7,13,19} {1,8,12,14}"
base_symetri.mzn,sgp_28_7_4_6.dzn,28,7,4,6,UNKNOWN,141000,
base_symetri.mzn,sgp_32_8_4_1.dzn,32,8,4,1,SAT,89,"Semaine 1: {1,2,3,4} {5,6,7,8} {9,10,11,12} {13,14,15,16} {17,18,19,20} {21,22,23,24} {25,26,27,28} {29,30,31,32}"
base_symetri.mzn,sgp_32_8_4_2.dzn,32,8,4,2,SAT,98,"Semaine 1: {1,2,3,4} {5,6,7,8} {9,10,11,12} {13,14,15,16} {17,18,19,20} {21,22,23,24} {25,26,27,28} {29,30,31,32} Semaine 2: {20,22,25,29} {12,24,27,31} {7,23,26,30} {6,10,14,17} {4,19,28,32} {3,8,11,15} {2,16,18,21} {1,5,9,13}"
base_symetri.mzn,sgp_32_8_4_3.dzn,32,8,4,3,SAT,115,"Semaine 1: {1,2,3,4} {5,6,7,8} {9,10,11,12} {13,14,15,16} {17,18,19,20} {21,22,23,24} {25,26,27,28} {29,30,31,32} Semaine 2: {11,16,17,22} {9,24,25,32} {8,13,19,21} {7,20,26,31} {4,14,28,30} {3,23,27,29} {2,5,10,18} {1,6,12,15} Semaine 3: {11,15,18,21} {8,23,26,30} {7,22,25,29} {6,10,14,17} {4,24,27,31} {3,12,16,19} {2,20,28,32} {1,5,9,13}"
base_symetri.mzn,sgp_32_8_4_4.dzn,32,8,4,4,SAT,131,"Semaine 1: {1,2,3,4} {5,6,7,8} {9,10,11,12} {13,14,15,16} {17,18,19,20} {21,22,23,24} {25,26,27,28} {29,30,31,32} Semaine 2: {20,23,25,32} {18,22,27,29} {10,24,26,31} {7,13,17,21} {4,19,28,30} {3,8,9,14} {2,5,12,15} {1,6,11,16} Semaine 3: {20,22,26,30} {19,21,25,29} {18,24,28,32} {17,23,27,31} {4,8,12,16} {3,7,11,15} {2,6,10,14} {1,5,9,13} Semaine 4: {20,21,28,31} {15,17,22,32} {9,18,25,30} {6,19,24,27} {4,23,26,29} {3,5,10,16} {2,8,11,13} {1,7,12,14}"
base_symetri.mzn,sgp_32_8_4_5.dzn,32,8,4,5,SAT,143,"Semaine 1: {1,2,3,4} {5,6,7,8} {9,10,11,12} {13,14,15,16} {17,18,19,20} {21,22,23,24} {25,26,27,28} {29,30,31,32} Semaine 2: {19,24,28,31} {18,23,26,32} {13,17,25,30} {12,22,27,29} {4,6,20,21} {3,5,11,14} {2,8,9,16} {1,7,10,15} Semaine 3: {19,23,25,29} {18,24,27,30} {17,22,28,32} {13,21,26,31} {4,7,9,14} {3,8,10,20} {2,5,12,15} {1,6,11,16} Semaine 4: {19,22,26,30} {11,15,17,21} {8,23,27,31} {7,20,28,29} {4,24,25,32} {3,12,16,18} {2,6,10,14} {1,5,9,13} Semaine 5: {19,21,27,32} {18,22,25,31} {17,24,26,29} {15,20,23,30} {4,5,10,16} {3,6,9,28} {2,7,11,13} {1,8,12,14}"
base_symetri.mzn,sgp_32_8_4_6.dzn,32,8,4,6,SAT,281,"Semaine 1: {1,2,3,4} {5,6,7,8} {9,10,11,12} {13,14,15,16} {17,18,19,20} {21,22,23,24} {25,26,27,28} {29,30,31,32} Semaine 2: {12,20,24,29} {10,16,23,27} {9,22,28,31} {6,18,21,30} {4,5,14,19} {3,15,26,32} {2,8,17,25} {1,7,11,13} Semaine 3: {12,18,23,25} {11,22,27,30} {8,14,21,26} {5,16,24,32} {4,15,28,29} {3,13,17,31} {2,7,10,20} {1,6,9,19} Semaine 4: {12,17,22,26} {9,21,27,32} {8,13,19,23} {7,14,18,29} {4,20,25,31} {3,24,28,30} {2,6,11,16} {1,5,10,15} Semaine 5: {12,16,19,21} {8,11,15,18} {7,24,27,31} {6,10,14,17} {4,23,26,30} {3,22,25,29} {2,5,9,13} {1,20,28,32} Semaine 6: {10,19,25,30} {9,16,26,29} {7,17,21,28} {6,15,23,31} {4,13,18,24} {3,5,11,20} {2,14,22,32} {1,8,12,27}"
base_symetri.mzn,sgp_32_8_4_7.dzn,32,8,4,7,UNKNOWN,149000,
